{
    "j2": {
        "min": 0.0,
        "pos": 85.7075348508541,
        "max": 145.0,
        "spg": "4992N684",
        "spg_init_l": 88.9,
        "spg_rate": 0.350078544,
        "spg_max_ratio": 1.42,
        "spg_start_x": -6.315789473684212,
        "spg_start_y": 19.473684210526315,
        "spg_end_d": 109.47368421052632,
        "spg_end_o": 0.0
    },
    "l23": {
        "len": 250.0,
        "mass": 14.4
    },
    "j3": {
        "mass": 24.52,
        "min": -165.0,
        "pos": 1.3975005057516048,
        "max": 0.0,
        "spg": "94135K436",
        "spg_init_l": 76.2,
        "spg_rate": 0.140101468,
        "spg_max_ratio": 1.7333333333333334,
        "spg_start_x": 0,
        "spg_start_y": 22.63157894736842,
        "spg_end_d": 108.42105263157895,
        "spg_end_o": 28
    },
    "l34": {
        "len": 250.0,
        "offset": 23.5,
        "mass": 26.9
    },
    "j5": {
        "mass": 13.62,
        "min": -90.0,
        "pos": -90.0,
        "max": 90.0
    },
    "l4G": {
        "len": 43.0,
        "mass": 9.0
    },
    "lG": {
        "len": 64.0,
        "mass": 55
    }
}